Modelo,Accuracy,Precision,Recall,F1
HistGradientBoosting,1.0,1.0,1.0,1.0
RandomForest,1.0,1.0,1.0,1.0
DecisionTree,1.0,1.0,1.0,1.0
LogisticRegression,0.9814814814814815,0.9615384615384616,1.0,0.9803921568627451
SVC_RBF,0.9814814814814815,0.9615384615384616,1.0,0.9803921568627451
KNN,0.9074074074074074,0.8571428571428571,0.96,0.9056603773584906
